{
  "top1": 0.8681584158415842,
  "top5": 0.9699009900990099,
  "macro_f1": 0.8678960326612887
}