{
  "top1": 0.866019801980198,
  "top5": 0.9584950495049505,
  "macro_f1": 0.8659240347447966
}