{
  "train_loss": [
    2.1740436749446075,
    1.5753890902610501,
    1.4109380991816476,
    1.2986759020690302,
    1.2027165015276247,
    1.11958828455719,
    1.0497219518221557,
    0.9866893558341329,
    0.939261221882184,
    0.902815172842758,
    0.8745779448942164,
    0.8581634888091191,
    0.8447386176095675,
    0.8381891470957379,
    0.8350661317306339
  ],
  "train_acc": [
    0.6039163916391639,
    0.7663366336633664,
    0.8151081774844151,
    0.8475834250091676,
    0.8785625229189585,
    0.9049358269160249,
    0.9283168316831684,
    0.9495562889622295,
    0.9642097543087642,
    0.9762082874954162,
    0.9856252291895856,
    0.989013568023469,
    0.9927832783278328,
    0.9941474147414742,
    0.9947928126145948
  ],
  "val_loss": [
    1.725084448899373,
    1.6071670087650665,
    1.5829690931024332,
    1.5148428969965517,
    1.4895118211362228,
    1.4911128781258862,
    1.4673677656595463,
    1.4611245797726975,
    1.4472998609322525,
    1.4201772192838562,
    1.4078105316539802,
    1.400621790146277,
    1.3943176573573952,
    1.3874793628340114,
    1.3884144146607653
  ],
  "val_acc": [
    0.7250165016501651,
    0.756963696369637,
    0.7607920792079208,
    0.7795379537953795,
    0.7854785478547854,
    0.7904950495049505,
    0.7981518151815181,
    0.8062046204620462,
    0.8113531353135314,
    0.8146534653465346,
    0.8207260726072607,
    0.8242904290429043,
    0.8242904290429043,
    0.8286468646864686,
    0.8281188118811881
  ],
  "lr": [
    0.0002967221401100708,
    0.0002870318186463901,
    0.0002713525491562421,
    0.00025036959095382875,
    0.00022500000000000002,
    0.00019635254915624213,
    0.00016567926949014806,
    0.00013432073050985205,
    0.00010364745084375793,
    7.500000000000006e-05,
    4.963040904617133e-05,
    2.8647450843757904e-05,
    1.2968181353609857e-05,
    3.2778598899291478e-06,
    0.0
  ],
  "epoch_sec": [
    133.2991943359375,
    130.0684461593628,
    130.4767725467682,
    130.55732655525208,
    131.32129430770874,
    130.7274990081787,
    128.85878324508667,
    130.74596691131592,
    130.0920922756195,
    131.4366385936737,
    130.04525566101074,
    131.6439392566681,
    130.42516207695007,
    131.49674606323242,
    130.56393790245056
  ]
}