{
  "train_loss": [
    3.698685681133599,
    2.8341836091752537,
    2.531953592282929,
    2.3847265143266823,
    2.2987301683268533,
    2.2468594038473366,
    2.2176832601864085,
    2.2050796673889774
  ],
  "train_acc": [
    0.3492189218921892,
    0.5121965529886322,
    0.5601760176017602,
    0.590993766043271,
    0.6112211221122112,
    0.6239090575724239,
    0.632959295929593,
    0.6356875687568757
  ],
  "val_loss": [
    3.126669610026646,
    2.716621841235523,
    2.5453762210556383,
    2.459037037147547,
    2.4185927844283603,
    2.395071090030985,
    2.3837835165533687,
    2.3784980820507893
  ],
  "val_acc": [
    0.46851485148514854,
    0.5181518151815182,
    0.5427062706270627,
    0.5603960396039604,
    0.5659405940594059,
    0.5717491749174918,
    0.5735973597359736,
    0.5737293729372938
  ],
  "lr": [
    0.000288581929876693,
    0.0002560660171779821,
    0.00020740251485476348,
    0.00015,
    9.259748514523653e-05,
    4.3933982822017876e-05,
    1.1418070123306989e-05,
    0.0
  ],
  "epoch_sec": [
    99.26800417900085,
    98.03022718429565,
    97.60554671287537,
    97.8179841041565,
    97.57267951965332,
    97.36444926261902,
    97.81058979034424,
    97.74138712882996
  ]
}