{
  "train_loss": [
    2.7042420617031184,
    2.1247888135997464,
    2.0020123623944834,
    1.9336013426149463,
    1.8936157629574704,
    1.8692884571315345,
    1.8524380666133375,
    1.8448887839630317
  ],
  "train_acc": [
    0.48586725339200587,
    0.6243784378437843,
    0.6587018701870188,
    0.680997433076641,
    0.6937733773377338,
    0.7026035936927026,
    0.7063146314631463,
    0.7105390539053905
  ],
  "val_loss": [
    2.186055510177864,
    2.0294044479521194,
    1.9623171764789242,
    1.9247230977980612,
    1.9045514543929902,
    1.8930390298956692,
    1.8880597933212129,
    1.8861204693891822
  ],
  "val_acc": [
    0.6088448844884489,
    0.6541254125412541,
    0.6745874587458746,
    0.6867326732673268,
    0.6945214521452145,
    0.6986138613861386,
    0.699009900990099,
    0.6995379537953795
  ],
  "lr": [
    0.000288581929876693,
    0.0002560660171779821,
    0.00020740251485476348,
    0.00015,
    9.259748514523653e-05,
    4.3933982822017876e-05,
    1.1418070123306989e-05,
    0.0
  ],
  "epoch_sec": [
    137.44675660133362,
    138.05211353302002,
    137.89254212379456,
    138.59168148040771,
    137.92971348762512,
    138.18652987480164,
    138.6505560874939,
    138.34899067878723
  ]
}