{
  "train_loss": [
    3.7941367412758784,
    2.9986609025066224,
    2.706125948069775,
    2.5675100921893845,
    2.4844853266788394,
    2.4402029554844775,
    2.4156537669335347,
    2.4055081429112555
  ],
  "train_acc": [
    0.3308984231756509,
    0.4721232123212321,
    0.5148514851485149,
    0.5391859185918592,
    0.5586945361202786,
    0.5638577191052438,
    0.5714998166483315,
    0.5746387972130547
  ],
  "val_loss": [
    3.2327873224000334,
    2.803640866673032,
    2.6172049483371644,
    2.527885695573914,
    2.472276290666939,
    2.4459224474312053,
    2.4338348399058427,
    2.4198920707891483
  ],
  "val_acc": [
    0.44224422442244227,
    0.5099669966996699,
    0.5371617161716171,
    0.5555115511551155,
    0.5633003300330033,
    0.5676567656765676,
    0.571089108910891,
    0.572013201320132
  ],
  "lr": [
    0.000288581929876693,
    0.0002560660171779821,
    0.00020740251485476348,
    0.00015,
    9.259748514523653e-05,
    4.3933982822017876e-05,
    1.1418070123306989e-05,
    0.0
  ],
  "epoch_sec": [
    131.71021366119385,
    129.7379457950592,
    130.05506491661072,
    129.16967821121216,
    130.32018566131592,
    129.43431496620178,
    129.66441130638123,
    129.84235835075378
  ]
}