{
  "train_loss": [
    2.0544631060445355,
    1.5376368286830844,
    1.3698774124879212,
    1.251988911592003,
    1.150637323521501,
    1.065869644151575,
    0.9986814791875572,
    0.9494277257695494,
    0.9077381962614266,
    0.8843241321843843,
    0.8554382976875403,
    0.8356721975578683,
    0.8225993846465608,
    0.813086714669379,
    0.8043111069271492,
    0.7971943430958277,
    0.7932266728677809,
    0.7913922054897877,
    0.7891508313041927,
    0.788870941219113
  ],
  "train_acc": [
    0.6318298496516318,
    0.7703850385038504,
    0.8191419141914191,
    0.8543454345434544,
    0.8848111477814448,
    0.9126806013934727,
    0.9332599926659333,
    0.951008434176751,
    0.9641804180418042,
    0.9704143747708104,
    0.9801540154015401,
    0.9865346534653465,
    0.98999633296663,
    0.9924019068573524,
    0.9950861752841951,
    0.9971250458379172,
    0.998049138247158,
    0.9984451778511184,
    0.9989292262559589,
    0.999002566923359
  ],
  "val_loss": [
    1.656680673089358,
    1.585200347223691,
    1.5430734309740979,
    1.5465014423552912,
    1.5089413832359189,
    1.5232311245474486,
    1.5629091751614812,
    1.514663779113946,
    1.534342888164835,
    1.5374883737973255,
    1.5369093401912022,
    1.528298787787409,
    1.5157654716315443,
    1.5335025520765349,
    1.5065554525671225,
    1.4909012768842993,
    1.496287593243539,
    1.483402151164442,
    1.4748010667479865,
    1.4726283529331976
  ],
  "val_acc": [
    0.73993399339934,
    0.756039603960396,
    0.7679207920792079,
    0.7667326732673267,
    0.7783498349834983,
    0.7800660066006601,
    0.7742574257425743,
    0.7893069306930693,
    0.7886468646864686,
    0.7894389438943894,
    0.7927392739273927,
    0.8010561056105611,
    0.8015841584158416,
    0.8007920792079208,
    0.8093729372937294,
    0.813069306930693,
    0.8112211221122112,
    0.8168976897689769,
    0.8172937293729373,
    0.819009900990099
  ],
  "lr": [
    9.938441702975689e-05,
    9.755282581475769e-05,
    9.45503262094184e-05,
    9.045084971874738e-05,
    8.535533905932738e-05,
    7.938926261462366e-05,
    7.269952498697734e-05,
    6.545084971874738e-05,
    5.782172325201156e-05,
    5.000000000000001e-05,
    4.217827674798848e-05,
    3.454915028125264e-05,
    2.730047501302267e-05,
    2.0610737385376356e-05,
    1.464466094067263e-05,
    9.549150281252635e-06,
    5.4496737905816115e-06,
    2.4471741852423237e-06,
    6.155829702431171e-07,
    0.0
  ],
  "epoch_sec": [
    139.49282312393188,
    140.35295701026917,
    141.42386293411255,
    140.6938338279724,
    139.85254955291748,
    139.80313396453857,
    142.0336012840271,
    140.57635807991028,
    139.49377584457397,
    140.25401496887207,
    140.15864396095276,
    139.97489666938782,
    139.66324996948242,
    139.65096426010132,
    140.60217666625977,
    139.42961144447327,
    140.8747000694275,
    140.5582046508789,
    138.83934712409973,
    140.42607426643372
  ]
}